80000065432,Sheryl Whitted,8538 Burning Anchor By-pass,Birch,MI,48262-9355,9475472980,Sheryl.Whitted@gmail.com
80000065433,Keenan Lumsden,7155 Sleepy Mountain Wharf,Old Saugatuck,MI,49066-3517,2695239083,Keenan.Lumsden@gmail.com
80000065434,Caliban Lesniak,5845 Wishing Beacon Villas,Rathbone,MI,48428-9327,2313827384,Caliban.Lesniak@gmail.com
80000065435,Harper Loaiza,69 Dewy Berry Autoroute,Gagetown,MI,49401-8057,2319421875,Harper.Loaiza@gmail.com
80000065436,Olive Mahmoud,7367 Bright Willow Road,Ingalls,MI,49574-4240,2489312542,Olive.Mahmoud@gmail.com
80000065437,Trisanu Sanderson,7951 Emerald Sky Stead,Norwood,MI,48093-2728,2319906920,Trisanu.Sanderson@gmail.com
80000065438,Donato Cortina,2517 Easy Drive,Wico,MI,49933-5800,9476719733,Donato.Cortina@gmail.com
80000065439,Gedala Festa,6732 Harvest Robin Close,Ahgosatown,MI,48352-6595,5869569911,Gedala.Festa@gmail.com
80000065440,Sapan Mulcahy,7370 Noble Pony Crest,Isadore,MI,48993-5591,5869426844,Sapan.Mulcahy@gmail.com
80000065441,Senta Dudek,6131 Lazy Elk Way,Connorville,MI,48830-4213,8106256229,Senta.Dudek@gmail.com
